ts,equity,cash,btc_units,eth_units,btc_mid,eth_mid,status
2026-10-03T17:05:34Z,298.91,101.49,0.00028344171142311497,0.008959225322182605,348580.5,11007.5,ok
2026-10-03T17:21:27Z,298.98,101.49,0.00028344171142311497,0.008959225322182605,348573.5,11015.5,ok
2026-10-03T21:24:08Z,298.78,101.49,0.00028344171142311497,0.008959225322182605,347875.5,11015.5,ok
2026-10-04T06:00:56Z,299.26,101.49,0.00028344171142311497,0.008959225322182605,348266.5,11056.5,ok
2026-10-04T12:29:35Z,299.28,101.49,0.00028344171142311497,0.008959225322182605,348792.5,11042.5,ok
2026-10-04T21:35:48Z,299.89,101.49,0.00028344171142311497,0.008959225322182605,350751.5,11048.5,ok
2026-10-05T05:50:33Z,300.03,101.49,0.00028344171142311497,0.008959225322182605,350686.5,11066.5,ok
2026-10-05T14:52:41Z,299.98,101.49,0.00028344171142311497,0.008959225322182605,350433.5,11069.0,ok
2026-10-06T00:07:45Z,300.51,101.49,0.00028344171142311497,0.008959225322182605,351282.5,11100.5,ok
2026-10-06T06:29:37Z,299.55,101.49,0.00028344171142311497,0.008959225322182605,349502.5,11050.5,ok
2026-10-06T18:27:17Z,300.12,101.49,0.00028344171142311497,0.008959225322182605,351192.5,11060.5,ok
2026-10-07T06:08:26Z,296.49,101.49,0.00028344171142311497,0.008959225322182605,346953.5,10789.5,ok
